date,fulad,fars,fameli
1/1/2017,187,215.6449065,222.1230022
1/4/2017,184,199.008381,224.6310402
1/5/2017,184,191.3619896,206.3034992
1/6/2017,181,192.3951188,205.4086112
1/7/2017,178,206.137685,215.6992194
1/8/2017,178,185.1139774,202.6902832
1/9/2017,181,201.9354365,225.3296724
1/10/2017,185,198.9599549,210.3962936
1/11/2017,182,211.882395,230.683375
1/12/2017,181,196.9453611,210.7205739
1/13/2017,179,198.2625085,220.8259622
1/14/2017,179,200.1189738,227.4621496
1/15/2017,179,188.2157049,198.8221221
1/16/2017,179,197.321095,226.4793119
1/17/2017,185,188.1511823,192.1543559
1/18/2017,185,201.5672731,228.1400931
1/19/2017,180,192.5268517,202.892393
1/20/2017,183,200.3457887,200.4562445
1/21/2017,186,210.67616,213.4226163
1/22/2017,186,199.7521508,213.4134646
1/23/2017,186,199.7521508,213.4134646
1/24/2017,187,205.9681009,208.7812781
1/25/2017,187,189.0866246,206.7098413
1/26/2017,188,211.7723821,227.3605935
1/27/2017,191,215.9131441,236.4340014
1/28/2017,192,200.9896506,224.7658328
1/29/2017,192,207.0956184,234.7929194
1/30/2017,196,207.8766609,220.1690078
1/31/2017,199,210.783602,224.2987961
2/1/2017,200,207.7710614,215.9714499
2/2/2017,201,222.5606462,222.7038491
2/3/2017,201,202.6223444,223.4942045
2/4/2017,208,224.6445489,234.6383251
2/5/2017,209,226.1890579,252.5360522
2/6/2017,212,228.862477,248.1973583
2/7/2017,208,229.940447,235.264331
2/8/2017,208,222.9018725,243.9517632
2/9/2017,210,235.5788419,261.8833039
2/10/2017,221,242.5053045,259.4155379
2/11/2017,232,245.6398239,262.6177065
2/12/2017,241,243.8974649,270.7471146
2/13/2017,240,242.8740338,265.8216743
2/14/2017,254,266.2811593,289.355163
2/15/2017,252,262.8935391,290.6470621
2/16/2017,261,271.187675,288.5049921
2/17/2017,276,300.4977829,305.7137774
2/18/2017,268,276.336635,283.2525709
2/19/2017,262,289.1496867,303.5285904
2/20/2017,258,283.4735252,287.5586672
2/21/2017,252,277.3504863,283.2468932
2/22/2017,254,263.5180958,263.994377
2/23/2017,264,266.1324298,283.3745592
2/24/2017,264,292.5200438,299.1833142
2/25/2017,260,269.8281534,289.0537261
2/26/2017,260,271.5676638,299.3931117
2/27/2017,262,271.2577349,278.0752359
2/28/2017,255,278.0605691,287.2272267
3/1/2017,250,260.0877543,281.289174
3/2/2017,248,269.0824827,287.7367436
3/3/2017,250,257.1324548,273.0031039
3/4/2017,248,258.5099999,259.557469
3/5/2017,248,275.946834,285.8088551
3/6/2017,250,271.5927446,293.6209935
3/7/2017,250,268.4394972,281.1223198
3/8/2017,254,255.8328397,265.5698474
3/9/2017,251,280.6150474,285.7552785
3/10/2017,253,257.1562816,264.1544107
3/11/2017,251,259.6534964,284.6520386
3/12/2017,270,297.7461161,314.4195416
3/13/2017,270,299.448876,301.4840796
3/14/2017,276,296.5856597,319.7096722
3/15/2017,286,287.6011318,310.0590165
3/16/2017,311,325.1547977,334.1524443
3/17/2017,305,333.9150716,338.2941838
3/18/2017,305,325.3153326,354.3796641
3/19/2017,319,334.7059854,352.2961517
3/20/2017,331,357.887484,371.1129262
3/21/2017,329,343.5390618,360.2996489
3/22/2017,331,332.1182723,347.3696514
3/23/2017,322,349.2818355,353.3483425
3/24/2017,324,331.7518083,357.8100491
3/25/2017,317,346.7938864,366.5173835
3/26/2017,320,323.2533384,324.352975
3/27/2017,317,330.8652647,360.4855043
3/28/2017,315,338.660669,340.2633453
3/29/2017,325,327.6449931,343.5259269
3/30/2017,332,336.6924053,343.5968488
3/31/2017,331,352.2166704,377.5336727
4/1/2017,324,327.9670679,350.221657
4/2/2017,323,343.1135358,349.0184599
4/3/2017,335,345.6915317,373.3037892
4/4/2017,324,326.5674327,332.9192519
4/5/2017,324,327.4189923,352.9506884
4/6/2017,317,329.5179716,344.9262353
4/7/2017,309,336.6139152,338.4182932
4/8/2017,310,321.0229388,349.1124258
4/9/2017,324,347.0129133,369.4987021
4/10/2017,319,340.3803572,362.234514
4/11/2017,323,328.8284734,331.6296391
4/12/2017,323,329.4866034,335.0255854
4/13/2017,337,339.5780768,351.9001376
4/14/2017,349,352.2508294,363.8027083
4/15/2017,379,403.0284781,431.8245117
4/16/2017,370,378.7859202,383.5049976
4/17/2017,362,370.3788697,382.9757329
4/18/2017,363,371.5489824,373.4464535
4/19/2017,357,372.9696738,394.3546665
4/20/2017,367,378.2792057,385.685336
4/21/2017,368,369.5271909,371.5279725
4/22/2017,380,408.4134354,431.9310443
4/23/2017,399,420.7613022,429.8995904
4/24/2017,408,408.5004268,418.422648
4/25/2017,417,439.3315712,447.5935136
4/26/2017,433,441.4805356,444.2053244
4/27/2017,437,466.390363,474.6263544
4/28/2017,437,463.65459,465.3168079
4/29/2017,421,430.8812412,431.806113
4/30/2017,411,420.2676212,430.2394562
5/1/2017,402,427.0761995,445.7047625
5/2/2017,401,408.3086928,436.579207
5/3/2017,427,440.2200047,449.3576375
5/4/2017,429,430.4219724,433.8411722
5/5/2017,412,430.2089652,433.7213925
5/6/2017,417,420.3034656,436.5056625
5/7/2017,427,445.6964999,445.9029479
5/8/2017,437,439.213023,459.287367
5/9/2017,423,441.5606666,456.0881072
5/10/2017,441,460.5979359,462.3171466
5/11/2017,439,452.2043772,464.0574428
5/12/2017,430,440.4153056,452.9542681
5/13/2017,422,447.6157563,472.0721924
5/14/2017,416,435.2183183,447.4228381
5/15/2017,415,434.0084206,441.7896796
5/16/2017,418,441.5280284,453.9604745
5/17/2017,420,445.7872813,453.5948635
5/18/2017,417,432.1720034,452.313664
5/19/2017,410,435.3970729,445.0741082
5/20/2017,409,433.9081878,444.2675568
5/21/2017,413,437.7056061,465.0980895
5/22/2017,412,422.8758805,442.3258464
5/23/2017,405,419.9413589,422.9882122
5/24/2017,395,404.6225061,409.9597318
5/25/2017,404,406.2163242,421.0263885
5/26/2017,407,420.9893168,442.3202876
5/27/2017,406,410.3907255,412.8698416
5/28/2017,389,398.4189725,413.9522972
5/29/2017,378,402.8121743,417.055427
5/30/2017,384,396.824868,420.7178103
5/31/2017,388,403.4833893,417.6591291
6/1/2017,383,393.1227756,404.1553795
6/2/2017,367,377.3246309,382.4557862
6/3/2017,361,374.0075508,394.8405859
6/4/2017,366,374.2521505,378.5987271
6/5/2017,352,379.8132129,406.9385199
6/6/2017,338,347.7497136,372.8960219
6/7/2017,349,360.6577128,367.6632122
6/8/2017,363,380.104682,400.9701781
6/9/2017,361,365.8295216,392.9192048
6/10/2017,365,393.425704,413.3763148
6/11/2017,363,366.4044719,383.773244
6/12/2017,359,380.4852737,401.7421386
6/13/2017,361,375.5584767,380.0499614
6/14/2017,357,357.2022593,379.9738187
6/15/2017,349,368.7915125,380.2158564
6/16/2017,350,353.4781232,360.283056
6/17/2017,341,346.4591517,349.7525535
6/18/2017,329,333.1791449,349.2610897
6/19/2017,327,333.7476532,342.5380438
6/20/2017,318,345.0886778,350.4044592
6/21/2017,320,322.6887867,327.9721306
6/22/2017,324,333.8991096,335.8899699
6/23/2017,335,349.9911921,364.8498341
6/24/2017,331,337.0000077,350.4859534
6/25/2017,334,358.4798425,377.5055386
6/26/2017,338,347.4907145,370.525947
6/27/2017,345,349.8537418,356.4598108
6/28/2017,340,366.8297519,383.9772162
6/29/2017,336,345.8672009,372.9760223
6/30/2017,327,352.9058683,358.4094569
7/1/2017,329,335.6661997,338.8807841
7/2/2017,327,351.4755943,352.4056908
7/3/2017,332,344.7801468,357.3505488
7/4/2017,339,350.1783873,374.5377318
7/5/2017,347,375.7009475,397.9613356
7/6/2017,345,372.567565,391.1143345
7/7/2017,342,359.4555105,363.0457139
7/8/2017,352,381.5426209,391.4821509
7/9/2017,355,384.5178128,385.1412303
7/10/2017,358,376.9964791,381.1463734
7/11/2017,359,380.2192863,398.6664624
7/12/2017,351,374.5190801,379.1443791
7/13/2017,346,348.1320197,352.8225757
7/14/2017,350,366.9341427,381.0743271
7/15/2017,347,359.8609889,384.6692895
7/16/2017,344,366.4219493,390.8145227
7/17/2017,334,361.2456213,368.8900997
7/18/2017,333,360.2399215,387.4993142
7/19/2017,333,345.4334705,371.0956391
7/20/2017,341,356.7789151,369.3587435
7/21/2017,338,349.6786617,358.5289887
7/22/2017,333,341.2884769,354.7529492
7/23/2017,338,365.8963968,381.3009029
7/24/2017,338,355.1598606,379.3173491
7/25/2017,345,352.0464054,362.3419634
7/26/2017,343,345.0053559,357.0149007
7/27/2017,343,354.787383,367.6510743
7/28/2017,345,357.9790568,358.9466423
7/29/2017,338,365.8077295,384.0667492
7/30/2017,368,395.1621724,423.9658484
7/31/2017,385,407.5783702,410.7812172
8/1/2017,389,414.634409,434.0857431
8/2/2017,368,395.0225058,419.6528811
8/3/2017,385,400.7706975,411.1446225
8/4/2017,389,413.2258962,439.323075
8/5/2017,397,421.0177584,450.56208
8/6/2017,395,402.0162454,422.7909787
8/7/2017,395,396.6344001,402.1932252
8/8/2017,386,409.3445906,438.0494038
8/9/2017,383,401.7950408,422.9096427
8/10/2017,385,398.4834471,413.6059992
8/11/2017,380,401.633541,404.9056623
8/12/2017,383,406.0440053,415.9223906
8/13/2017,381,392.0431194,414.9810962
8/14/2017,381,400.3988542,402.9636978
8/15/2017,397,424.6149215,453.4620039
8/16/2017,404,406.5846246,419.8544012
8/17/2017,412,412.7031069,424.5646871
8/18/2017,415,420.7491615,421.3929266
8/19/2017,416,420.1274644,427.8196317
8/20/2017,417,444.8012873,468.1209301
8/21/2017,425,446.9126592,464.995779
8/22/2017,427,432.4964159,459.9229662
8/23/2017,425,450.6232475,464.0746835
8/24/2017,428,428.4265065,428.4579684
8/25/2017,441,457.3378153,473.2714068
8/26/2017,441,467.0863379,474.721803
8/27/2017,442,448.5068173,468.9556563
8/28/2017,448,464.1184225,471.2596987
8/29/2017,439,468.7194378,491.5766139
8/30/2017,452,475.4937008,480.8521743
8/31/2017,464,476.8721232,491.3639762
9/1/2017,474,498.7055166,524.5512435
9/2/2017,473,486.0383255,501.2677511
9/3/2017,483,484.8085356,496.5417875
9/4/2017,483,485.6973722,503.7965943
9/5/2017,479,496.6782092,499.1232447
9/6/2017,486,514.6778925,518.4132486
9/7/2017,482,509.073068,528.6688828
9/8/2017,479,481.1522001,498.0044365
9/9/2017,484,498.3985263,516.1019638
9/10/2017,485,486.9561768,510.5824124
9/11/2017,494,513.9581215,527.3358544
9/12/2017,502,510.4371947,517.7883739
9/13/2017,518,519.937749,521.1998271
9/14/2017,524,536.4814769,541.8919936
9/15/2017,538,551.5554185,563.2561004
9/16/2017,532,561.5343806,590.2456982
9/17/2017,522,550.4440448,574.5613602
9/18/2017,501,515.8816346,543.093753
9/19/2017,517,539.1365875,544.7062794
9/20/2017,504,523.5145368,548.2208406
9/21/2017,491,494.5541474,498.0616589
9/22/2017,510,526.2033202,551.5770871
9/23/2017,516,525.8586937,552.564356
9/24/2017,515,520.7389729,545.4490946
9/25/2017,503,518.2830284,531.0011275
9/26/2017,504,508.642644,523.5249889
9/27/2017,507,508.9317318,537.3512216
9/28/2017,513,533.4026747,538.3023678
9/29/2017,519,542.8939032,570.3628587
9/30/2017,516,525.5787941,530.0688757
10/1/2017,519,522.3560772,532.5593911
10/2/2017,538,566.3229938,586.45318
10/3/2017,544,566.4657272,570.0088545
10/4/2017,530,542.8768556,558.3643942
10/5/2017,531,531.7290934,549.8837967
10/6/2017,535,549.3298523,555.3065599
10/7/2017,532,541.1222735,559.6987354
10/8/2017,532,561.5622846,562.1599066
10/9/2017,537,544.9895202,548.0409729
10/10/2017,533,551.4464797,560.7477696
10/11/2017,531,547.1220407,561.0927238
10/12/2017,526,536.3035927,551.0311283
10/13/2017,525,541.7093955,544.5774686
10/14/2017,527,538.845662,545.388487
10/15/2017,531,532.534294,553.5595161
10/16/2017,529,545.8942451,555.7612516
10/17/2017,525,530.277209,554.9394013
10/18/2017,532,546.0701124,557.6441903
10/19/2017,538,547.2400268,560.9009659
10/20/2017,549,551.1090146,578.8363912
10/21/2017,583,594.9124997,597.0074732
10/22/2017,577,604.9053984,633.2216765
10/23/2017,563,573.1172846,589.0151854
10/24/2017,556,561.7010194,574.4826485
10/25/2017,544,553.9785885,571.101302
10/26/2017,534,552.1022493,564.0348815
10/27/2017,537,538.9411219,546.961449
10/28/2017,542,549.720791,568.6649688
10/29/2017,541,569.6402055,576.3960288
10/30/2017,543,558.923528,570.7496382
10/31/2017,538,542.3534982,553.8665819
11/1/2017,538,549.1890412,563.3526076
11/2/2017,536,547.1875341,569.895907
11/3/2017,519,522.2224856,531.2810461
11/4/2017,519,538.0132751,553.5500872
11/5/2017,519,540.0772181,540.2779601
11/6/2017,539,544.5736536,556.1389121
11/7/2017,539,545.7136183,574.4720472
11/8/2017,533,535.5446885,541.1760067
11/9/2017,533,555.0934501,564.6591542
11/10/2017,525,543.3832488,545.1663515
11/11/2017,527,532.8419149,547.9189742
11/12/2017,529,547.765348,575.4041858
11/13/2017,528,531.5509605,551.8040064
11/14/2017,525,528.8728881,537.3864285
11/15/2017,519,533.0389724,551.3373255
11/16/2017,515,527.330845,539.5629347
11/17/2017,513,540.4674617,558.3621165
11/18/2017,506,520.9778725,550.2938905
11/19/2017,507,514.3716057,524.4204442
11/20/2017,500,513.1463276,517.0066486
11/21/2017,499,500.820972,503.7862552
11/22/2017,500,509.9410572,538.4200534
11/23/2017,517,521.2638944,550.2425734
11/24/2017,510,532.2690138,559.9494264
11/25/2017,511,537.3248047,544.2706412
11/26/2017,507,532.7096393,556.0384793
11/27/2017,508,529.4891208,531.9174116
11/28/2017,505,514.9492204,533.158458
11/29/2017,504,504.297297,507.8326853
11/30/2017,510,512.6651461,522.2107557
12/1/2017,525,548.3805636,575.566838
12/2/2017,520,549.0857762,563.4554395
12/3/2017,549,574.4644675,603.0751787
12/4/2017,563,575.1342915,589.9797492
12/5/2017,542,554.0328921,579.9584235
12/6/2017,548,553.7853373,574.1466388
12/7/2017,582,594.700601,612.7710689
12/8/2017,583,597.1800984,621.814279
12/9/2017,578,578.7946075,597.2391852
12/10/2017,575,593.2519841,604.2373495
12/11/2017,585,593.7752033,621.9128729
12/12/2017,583,596.5465081,600.3183358
12/13/2017,587,609.8845476,627.7079474
12/14/2017,573,596.7392863,608.6224578
12/15/2017,552,577.7172832,585.0818466
12/16/2017,558,585.5942911,612.1924
12/17/2017,561,588.6015006,589.6878525
12/18/2017,581,602.7625555,619.9060461
12/19/2017,582,589.6869428,607.9390125
12/20/2017,585,612.1025962,625.0579979
12/21/2017,601,621.3091554,634.9683916
12/22/2017,606,609.8562076,631.3237483
12/23/2017,616,639.72251,661.4920697
12/24/2017,595,606.80167,620.2926751
12/25/2017,598,607.753167,637.3412817
12/26/2017,593,599.1601371,619.0056587
12/27/2017,573,594.7396404,623.2131382
12/28/2017,581,581.4766708,605.8909599
12/29/2017,565,587.5665592,610.9608953
12/30/2017,568,570.3035449,587.5342808
12/31/2017,584,599.5616446,602.7791565
1/1/2018,600,624.8165707,651.9180058
1/2/2018,591,615.1617763,639.21022
1/3/2018,581,594.590222,611.8470721
1/4/2018,586,609.5818426,633.1350431
1/5/2018,575,595.3546976,605.5841377
1/6/2018,586,595.5524942,599.2961434
1/7/2018,599,614.5189153,624.4101095
1/8/2018,597,618.6595251,619.4927445
1/9/2018,599,623.5132641,637.3691826
1/10/2018,595,598.3942943,614.2055793
1/11/2018,602,618.4874069,645.0231252
1/12/2018,591,601.9625238,622.2064986
1/13/2018,595,614.3223391,642.3374941
1/14/2018,588,616.3691374,637.9535373
1/15/2018,588,609.0333517,626.8662381
1/16/2018,591,610.5798994,612.331915
1/17/2018,589,608.8483607,619.1390672
1/18/2018,589,601.5758823,609.6704013
1/19/2018,588,588.9421834,598.2414798
1/20/2018,585,614.556347,624.5734751
1/21/2018,585,591.2526691,611.72041
1/22/2018,578,591.7044732,609.5052851
1/23/2018,580,607.0815294,611.576183
1/24/2018,580,604.6641776,605.02786
1/25/2018,577,594.1217115,600.8945536
1/26/2018,573,574.6382061,590.5743197
1/27/2018,571,581.7757112,597.5125217
1/28/2018,571,584.2561119,589.3538757
1/29/2018,573,590.4164393,590.6254111
1/30/2018,574,601.067427,608.2230093
1/31/2018,577,584.0565936,588.4837614
2/1/2018,579,601.3971906,610.0040685
2/2/2018,590,601.1984173,627.5049753
2/3/2018,598,608.1088,622.8187333
2/4/2018,600,613.7631982,615.6235649
2/5/2018,621,634.4750807,662.5047692
2/6/2018,633,642.6032288,645.8015191
2/7/2018,639,655.623471,673.8429901
2/8/2018,641,668.7469232,680.0426895
2/9/2018,636,641.5805416,667.3928813
2/10/2018,643,653.0425022,664.5843624
2/11/2018,652,673.517997,682.0639496
2/12/2018,657,670.5958989,682.0560697
2/13/2018,659,682.5873932,711.8790462
2/14/2018,667,691.3870417,705.9311824
2/15/2018,683,684.0645397,687.4727233
2/16/2018,692,698.4643144,713.928615
2/17/2018,690,694.7599316,715.7201183
2/18/2018,700,718.134019,737.9894268
2/19/2018,690,712.1850738,714.1501923
2/20/2018,696,701.6324853,731.0363422
2/21/2018,707,713.2474046,730.4086028
2/22/2018,720,739.6452373,756.6417449
2/23/2018,717,726.567299,730.4509027
2/24/2018,742,744.4786285,769.0471484
2/25/2018,726,735.2944966,763.3299741
2/26/2018,726,742.3256921,745.8739976
2/27/2018,824,834.9618492,864.3069306
2/28/2018,726,744.2773569,759.1162448
3/1/2018,726,733.083693,752.0514681
3/2/2018,823,825.5259154,826.623034
3/3/2018,823,825.8407638,840.0349952
3/4/2018,824,831.8886743,838.344974
3/5/2018,813,817.0284605,844.5290393
3/6/2018,822,826.9863445,840.2363691
3/7/2018,821,840.0192768,845.8869905
3/8/2018,803,825.7984047,845.6359837
3/9/2018,791,800.685963,802.1085408
3/10/2018,788,793.880042,794.6546849
3/11/2018,802,822.1008128,833.3566304
3/12/2018,787,792.0253611,797.7641995
3/13/2018,779,807.3876705,831.0524507
3/14/2018,806,820.9630966,850.6579613
3/15/2018,802,819.4076497,846.6601532
3/16/2018,800,820.580009,824.5410056
3/17/2018,823,826.9339308,856.349981
3/18/2018,823,823.9581768,842.7398348
3/19/2018,823,828.8425598,838.5472947
3/20/2018,821,845.4616718,861.1502346
3/21/2018,823,828.3883669,831.9016223
3/22/2018,802,825.2840463,828.8638168
3/23/2018,830,852.5408596,866.7104237
3/24/2018,832,852.6056791,856.7411118
3/25/2018,847,851.2177388,853.0623103
3/26/2018,899,908.2836645,911.5124128
3/27/2018,889,904.9432464,911.6013683
3/28/2018,894,897.0034981,925.8547142
3/29/2018,866,871.1145423,883.0227089
3/30/2018,930,954.4797477,965.967789
3/31/2018,936,960.5022007,962.3488004
4/1/2018,972,994.0373499,1005.50393
4/2/2018,993,1006.04193,1017.488829
4/3/2018,958,979.6189415,1004.828417
4/4/2018,950,954.7367825,973.3743662
4/5/2018,972,987.4093331,1006.718641
4/6/2018,997,1015.24416,1038.902973
4/7/2018,1018,1031.943501,1060.444317
4/8/2018,1017,1025.958096,1037.342
4/9/2018,999,1001.598368,1024.932639
4/10/2018,951,978.3759146,1003.54906
4/11/2018,971,987.1416857,1002.812245
4/12/2018,947,973.3608553,991.1611754
4/13/2018,903,914.1343593,938.4466738
4/14/2018,939,950.7940912,977.3656263
4/15/2018,940,942.8875457,958.8687545
4/16/2018,958,973.32364,998.3959635
4/17/2018,927,940.6170105,956.6709226
4/18/2018,929,930.8858118,955.2122265
4/19/2018,914,943.8039614,954.3832546
4/20/2018,940,943.2000343,950.3672476
4/21/2018,932,947.8793496,961.2994592
4/22/2018,952,979.3245949,1004.715416
4/23/2018,971,999.4418982,1004.233136
4/24/2018,971,987.2063,1011.5284
4/25/2018,993,1020.106684,1041.284985
4/26/2018,1044,1049.968454,1061.977743
4/27/2018,1089,1105.737661,1122.656918
4/28/2018,1125,1149.593393,1156.273416
4/29/2018,1141,1148.514023,1174.56525
4/30/2018,1111,1118.28666,1137.479423
5/1/2018,1138,1164.281152,1184.233503
5/2/2018,1248,1255.532909,1282.27368
5/3/2018,1193,1214.192153,1221.317526
5/4/2018,1301,1303.14014,1315.815798
5/5/2018,1423,1452.018902,1468.343675
5/6/2018,1423,1444.23576,1472.330392
5/7/2018,1507,1522.867214,1539.877353
5/8/2018,1507,1515.614048,1541.131486
5/9/2018,1659,1683.618077,1697.749298
5/10/2018,1742,1751.73747,1772.520898
5/11/2018,1829,1835.811797,1860.455955
5/12/2018,1920,1943.80938,1966.836155
5/13/2018,2016,2016.057558,2028.228881
5/14/2018,2116,2138.557089,2152.550743
5/15/2018,2030,2057.599665,2061.28839
5/16/2018,2059,2072.759405,2084.523284
5/17/2018,2217,2244.67959,2254.880636
5/18/2018,2373,2390.662419,2391.422662
5/19/2018,2373,2382.698167,2391.729679
5/20/2018,2337,2348.348081,2374.948463
5/21/2018,2337,2360.516492,2383.643468
5/22/2018,2317,2317.304594,2334.058326
5/23/2018,2202,2218.007424,2231.559743
5/24/2018,2092,2092.519838,2113.815443
5/25/2018,2039,2044.763811,2049.337293
5/26/2018,1957,1979.802781,1993.685402
5/27/2018,1861,1872.097411,1889.438273
5/28/2018,1768,1787.135533,1792.5116
5/29/2018,1722,1746.237451,1775.759897
5/30/2018,1918,1947.162018,1974.848853
5/31/2018,1824,1842.688256,1847.017609
6/1/2018,1854,1859.398393,1881.960028
6/2/2018,1959,1968.63964,1990.15874
6/3/2018,2070,2075.048192,2103.713468
6/4/2018,2135,2151.943766,2171.685215
6/5/2018,2120,2141.591445,2146.13613
6/6/2018,2193,2204.498563,2219.099072
6/7/2018,2334,2340.983823,2348.961407
6/8/2018,2491,2492.46501,2501.81029
6/9/2018,2379,2392.326544,2396.835535
6/10/2018,2358,2363.545829,2365.750926
6/11/2018,2345,2365.260489,2389.656971
6/12/2018,2537,2560.41126,2582.072801
6/13/2018,2641,2647.374162,2660.395065
6/14/2018,2767,2790.392916,2816.635191
6/15/2018,2991,3015.90139,3043.488751
6/16/2018,2991,3006.406117,3013.689079
6/17/2018,3139,3145.072692,3153.363075
6/18/2018,3021,3046.299146,3057.493463
6/19/2018,3091,3104.873681,3112.02431
6/20/2018,3350,3355.086596,3361.431711
6/21/2018,3517,3542.383896,3569.163143
6/22/2018,3342,3369.168405,3386.823739
6/23/2018,3395,3415.608321,3432.288301
6/24/2018,3885,3912.44275,3920.73023
6/25/2018,4077,4080.93405,4094.372311
6/26/2018,3874,3901.269788,3913.270762
6/27/2018,4031,4045.756952,4064.114749
6/28/2018,4436,4446.757617,4464.960023
6/29/2018,4246,4248.825896,4264.481928
6/30/2018,4838,4847.416931,4856.735472
7/1/2018,4390,4393.294597,4401.081661
7/2/2018,4620,4621.389893,4640.898199
7/3/2018,4390,4416.153285,4416.744053
7/4/2018,4451,4453.325116,4482.906886
7/5/2018,4669,4685.041836,4702.946572
7/6/2018,4745,4761.51881,4775.681169
7/7/2018,4555,4555.192798,4562.945427
7/8/2018,4654,4683.063562,4693.387845
7/9/2018,4457,4468.254779,4480.220809
7/10/2018,4255,4266.478709,4273.318469
7/11/2018,4157,4179.581788,4200.692428
7/12/2018,4014,4033.625019,4062.106192
7/13/2018,4394,4421.793387,4422.83614
7/14/2018,4301,4321.007652,4321.131735
7/15/2018,4301,4314.366632,4325.298471
7/16/2018,3992,3999.546993,4014.185613
7/17/2018,3992,4000.101137,4021.569242
7/18/2018,3992,4014.149151,4029.260898
7/19/2018,3911,3926.353349,3945.999802
7/20/2018,3777,3800.007701,3829.134701
7/21/2018,3866,3873.795165,3890.385552
7/22/2018,3691,3702.87241,3719.430316
7/23/2018,3822,3823.165793,3839.099264
7/24/2018,3713,3721.298366,3731.727692
7/25/2018,3668,3683.607275,3701.063548
7/26/2018,3491,3493.049912,3496.740921
7/27/2018,3565,3571.617195,3593.764921
7/28/2018,3414,3428.834792,3437.19442
7/29/2018,3642,3663.812375,3675.34212
7/30/2018,3824,3851.307108,3872.860803
7/31/2018,3824,3849.704804,3853.316422
8/1/2018,3798,3801.01824,3823.438052
8/2/2018,3753,3764.998518,3793.339654
8/3/2018,3843,3862.352549,3880.01996
8/4/2018,3843,3859.331707,3885.476823
8/5/2018,3841,3870.051684,3890.204564
8/6/2018,3657,3660.670528,3685.568899
8/7/2018,3476,3479.119387,3479.432431
8/8/2018,3653,3658.312606,3672.681309
8/9/2018,3563,3565.54022,3582.888885
8/10/2018,3845,3848.618501,3867.2828
8/11/2018,4184,4198.374993,4222.541465
8/12/2018,4291,4318.10547,4338.13699
8/13/2018,4377,4397.672664,4406.825255
8/14/2018,4328,4335.225726,4352.268074
8/15/2018,4170,4184.140204,4192.013263
8/16/2018,3962,3966.479688,3982.223331
8/17/2018,4091,4120.738769,4131.726391
8/18/2018,4078,4088.275063,4088.407675
8/19/2018,4018,4038.256817,4046.156103
8/20/2018,3828,3835.385868,3852.767591
8/21/2018,3638,3666.381763,3688.299709
8/22/2018,3651,3674.351136,3687.455239
8/23/2018,3828,3844.416828,3862.552314
8/24/2018,3796,3808.757726,3816.302218
8/25/2018,3700,3706.018612,3726.132649
8/26/2018,3698,3706.416143,3729.994147
8/27/2018,3747,3762.846177,3778.884963
8/28/2018,3655,3679.33998,3702.076923
8/29/2018,3749,3766.605692,3790.402695
8/30/2018,3698,3699.649062,3723.813416
8/31/2018,3634,3658.746307,3673.112472
9/1/2018,3595,3599.990589,3613.837456
9/2/2018,3454,3467.998844,3494.618869
9/3/2018,3305,3322.837183,3327.980565
9/4/2018,3140,3144.021056,3156.386433
9/5/2018,2985,2986.732856,3013.567922
9/6/2018,2908,2914.20987,2932.366972
9/7/2018,2788,2817.775764,2821.581066
9/8/2018,2654,2665.128638,2666.592209
9/9/2018,2536,2547.048053,2547.610222
9/10/2018,2658,2662.782908,2675.759913
9/11/2018,2639,2664.211058,2670.283097
9/12/2018,2543,2567.526718,2575.212009
9/13/2018,2692,2719.255184,2735.212699
9/14/2018,2626,2649.12524,2657.434533
9/15/2018,2496,2519.143368,2529.860324
9/16/2018,2442,2467.191808,2495.995217
9/17/2018,2402,2429.724667,2458.49894
9/18/2018,2410,2417.371416,2430.978034
9/19/2018,2562,2568.496503,2597.590019
9/20/2018,2628,2644.990228,2666.680437
9/21/2018,2594,2615.210297,2616.992399
9/22/2018,2771,2798.145716,2815.78107
9/23/2018,2936,2945.590322,2968.756215
9/24/2018,2882,2905.14071,2920.656215
9/25/2018,2835,2839.405593,2864.237423
9/26/2018,2752,2754.470151,2779.4408
9/27/2018,2677,2695.960319,2711.018234
9/28/2018,2637,2650.540768,2676.572803
9/29/2018,2756,2785.515806,2805.709842
9/30/2018,2829,2834.301518,2852.230315
10/1/2018,2936,2936.282174,2957.117138
10/2/2018,2968,2989.318636,3000.703565
10/3/2018,2953,2968.039232,2982.131218
10/4/2018,2968,2968.590076,2969.459371
10/5/2018,3053,3070.295343,3072.985
10/6/2018,2955,2977.131691,2991.962658
10/7/2018,2970,2988.878831,3015.177084
10/8/2018,2993,2993.32661,2996.07429
10/9/2018,3192,3218.739676,3221.979409
10/10/2018,3160,3182.571243,3205.265477
10/11/2018,3066,3092.111956,3114.872622
10/12/2018,2953,2981.125562,2984.494389
10/13/2018,2852,2880.963715,2904.971083
10/14/2018,3053,3067.41485,3075.094281
10/15/2018,3023,3049.569689,3054.688207
10/16/2018,2991,2997.741438,3012.063612
10/17/2018,3004,3013.172914,3037.324142
10/18/2018,2961,2967.468156,2978.584645
10/19/2018,2857,2880.445777,2884.429023
10/20/2018,2812,2834.913913,2838.467871
10/21/2018,2739,2758.431304,2787.289037
10/22/2018,2807,2833.800965,2850.059621
10/23/2018,2743,2754.501531,2769.823617
10/24/2018,2681,2706.316652,2729.997749
10/25/2018,2630,2634.403698,2663.438542
10/26/2018,2684,2685.413868,2703.446117
10/27/2018,2575,2576.650255,2592.318195
10/28/2018,2500,2523.178904,2536.463767
10/29/2018,2391,2403.490476,2416.325209
10/30/2018,2455,2466.429806,2496.258039
10/31/2018,2434,2434.886415,2458.282154
11/1/2018,2408,2418.954243,2426.768836
11/2/2018,2293,2299.617828,2323.316019
11/3/2018,2199,2228.115569,2251.975772
11/4/2018,2094,2113.187054,2113.730922
11/5/2018,2005,2032.590892,2050.129376
11/6/2018,2231,2250.971331,2254.688915
11/7/2018,2393,2403.2232,2404.618755
11/8/2018,2383,2384.318789,2390.1433
11/9/2018,2370,2396.544182,2402.019092
11/10/2018,2393,2396.660624,2398.287068
11/11/2018,2389,2415.760254,2440.538936
11/12/2018,2526,2530.676065,2557.420676
11/13/2018,2511,2525.142263,2532.000548
11/14/2018,2453,2473.222051,2479.871161
11/15/2018,2385,2409.037464,2420.733809
11/16/2018,2278,2281.619668,2291.611672
11/17/2018,2188,2202.882994,2232.159183
11/18/2018,2242,2268.776233,2277.216456
11/19/2018,2380,2405.258768,2413.793924
11/20/2018,2451,2453.07445,2477.29238
11/21/2018,2686,2696.450039,2696.77149
11/22/2018,2647,2661.243822,2679.61735
11/23/2018,2673,2700.083284,2709.444616
11/24/2018,2649,2664.246695,2683.628235
11/25/2018,2602,2626.466718,2629.073881
11/26/2018,2553,2564.997304,2573.545067
11/27/2018,2530,2547.73947,2559.64414
11/28/2018,2485,2511.040507,2520.422233
11/29/2018,2438,2446.752435,2460.941444
11/30/2018,2472,2494.954361,2513.17226
12/1/2018,2477,2487.265884,2515.735609
12/2/2018,2427,2436.203864,2453.113699
12/3/2018,2425,2425.233072,2436.154939
12/4/2018,2477,2497.858277,2507.146896
12/5/2018,2477,2480.722635,2502.267288
12/6/2018,2457,2466.256248,2477.122361
12/7/2018,2445,2468.22107,2497.899607
12/8/2018,2556,2570.563417,2595.43184
12/9/2018,2613,2642.106881,2661.833592
12/10/2018,2635,2652.426003,2661.955517
12/11/2018,2643,2659.811776,2666.393479
12/12/2018,2882,2900.421916,2919.730232
12/13/2018,2882,2907.266537,2917.386724
12/14/2018,2882,2906.824883,2914.203641
12/15/2018,2959,2970.323156,2998.284471
12/16/2018,2965,2978.184151,2982.942376
12/17/2018,2942,2958.524605,2970.993602
12/18/2018,2904,2907.311765,2912.101486
12/19/2018,2925,2925.584423,2936.397203
12/20/2018,2880,2907.404195,2922.547344
12/21/2018,2825,2828.534981,2839.317358
12/22/2018,2769,2781.449072,2795.05936
12/23/2018,2724,2749.444321,2773.002735
12/24/2018,2714,2715.911212,2735.321255
12/25/2018,2662,2690.259115,2699.898116
12/26/2018,2611,2636.884113,2646.768246
12/27/2018,2585,2591.62267,2613.415308
12/28/2018,2690,2709.237671,2718.522407
12/29/2018,2718,2734.09524,2754.00867
12/30/2018,2711,2711.518695,2731.746282
12/31/2018,2658,2667.682648,2688.699951
1/1/2019,2611,2624.678472,2626.876294
1/2/2019,2588,2595.675023,2610.646498
1/3/2019,2558,2572.327941,2601.585936
1/4/2019,2519,2532.236525,2552.805191
1/5/2019,2487,2489.868156,2493.654775
1/6/2019,2500,2502.931113,2515.808045
1/7/2019,2611,2630.434062,2646.67671
1/8/2019,2658,2675.316889,2686.346484
1/9/2019,2645,2673.545947,2698.482007
1/10/2019,2573,2601.480233,2613.210009
1/11/2019,2500,2505.054873,2534.547008
1/12/2019,2472,2492.107528,2501.674731
1/13/2019,2494,2499.6803,2504.199952
1/14/2019,2472,2480.735744,2503.153177
1/15/2019,2434,2448.592399,2459.982724
1/16/2019,2581,2596.531183,2607.782747
1/17/2019,2658,2666.896186,2680.581136
1/18/2019,2684,2713.489471,2725.825909
1/19/2019,2686,2711.25304,2738.583432
1/20/2019,2605,2608.878469,2630.016198
1/21/2019,2609,2623.036794,2648.527816
1/22/2019,2632,2653.776797,2668.558891
1/23/2019,2632,2654.673922,2671.667431
1/24/2019,2623,2645.179567,2663.299035
1/25/2019,2632,2661.211363,2667.453425
1/26/2019,2632,2651.089159,2653.622774
1/27/2019,2623,2630.436377,2642.533806
1/28/2019,2707,2716.62015,2746.39905
1/29/2019,2830,2832.743447,2853.049308
1/30/2019,2836,2862.146378,2877.201127
1/31/2019,2850,2859.548213,2876.314314
2/1/2019,2862,2877.183737,2891.297586
2/2/2019,2970,2978.941508,3004.657738
2/3/2019,2910,2917.861167,2926.091906
2/4/2019,2883,2903.567335,2914.867209
2/5/2019,2886,2909.034334,2936.415919
2/6/2019,2859,2862.32997,2886.132969
2/7/2019,2916,2928.73615,2946.247562
2/8/2019,2919,2931.26157,2935.566263
2/9/2019,2913,2933.586392,2948.26236
2/10/2019,2958,2977.480402,3004.874541
2/11/2019,2988,2991.472845,3013.850134
2/12/2019,2952,2976.321263,2997.123695
2/13/2019,3009,3021.948039,3049.661727
2/14/2019,3063,3069.178605,3070.000604
2/15/2019,3168,3188.611324,3203.279736
2/16/2019,3150,3165.389376,3186.911749
2/17/2019,3117,3144.972973,3158.409306
2/18/2019,3147,3154.27382,3172.319081
2/19/2019,3150,3158.353756,3162.917128
2/20/2019,3024,3033.563869,3047.445981
2/21/2019,2997,3020.252657,3032.085955
2/22/2019,3033,3057.149102,3076.85967
2/23/2019,3108,3109.797082,3128.599293
2/24/2019,3093,3096.157425,3096.830577
2/25/2019,3054,3074.742654,3103.826768
2/26/2019,3099,3127.713425,3135.521889
2/27/2019,3177,3199.885056,3227.786315
2/28/2019,3192,3213.917944,3216.548684
3/1/2019,3147,3152.477158,3178.094154
3/2/2019,3147,3148.340688,3151.53444
3/3/2019,3111,3136.159734,3164.979341
3/4/2019,3111,3129.525215,3132.983895
3/5/2019,3192,3215.305778,3239.646905
3/6/2019,3117,3123.562563,3127.037227
3/7/2019,3099,3125.758998,3135.188205
3/8/2019,3189,3194.388196,3218.841812
3/9/2019,3189,3210.896243,3221.508339
3/10/2019,3189,3201.761763,3223.733454
3/11/2019,3189,3192.556521,3218.62178
3/12/2019,3189,3211.897673,3219.064836
3/13/2019,3189,3211.076503,3235.947522
3/14/2019,3375,3381.130816,3393.529706
3/15/2019,3419,3443.409763,3461.018284
3/16/2019,3565,3582.025832,3609.635895
3/17/2019,3751,3761.980494,3784.685993
3/18/2019,3698,3717.09954,3728.210423
3/19/2019,3720,3726.465931,3742.528614
3/20/2019,3763,3775.985827,3783.101672
3/21/2019,3739,3743.351308,3756.845676
3/22/2019,3779,3787.730178,3812.65695
3/23/2019,3795,3811.418006,3834.171272
3/24/2019,3819,3824.199346,3847.418131
3/25/2019,3838,3860.621823,3882.564761
3/26/2019,3729,3754.061248,3756.780518
3/27/2019,3596,3609.588451,3620.898496
3/28/2019,3652,3670.506368,3680.831408
3/29/2019,3704,3731.847754,3754.872717
3/30/2019,3642,3647.201958,3654.548565
3/31/2019,3577,3588.712576,3610.881833
4/1/2019,3543,3543.765774,3554.374632
4/2/2019,3552,3568.593549,3575.413661
4/3/2019,3561,3590.085168,3599.160675
4/4/2019,3443,3470.645395,3475.29089
4/5/2019,3437,3456.68777,3482.997443
4/6/2019,3474,3484.613274,3485.570381
4/7/2019,3450,3457.532681,3467.897976
4/8/2019,3313,3317.099315,3317.911787
4/9/2019,3198,3200.218475,3205.493347
4/10/2019,3229,3233.747278,3237.762384
4/11/2019,3102,3131.189949,3148.638651
4/12/2019,3083,3095.237666,3118.873441
4/13/2019,3195,3196.224042,3212.436535
4/14/2019,3217,3241.045559,3264.993858
4/15/2019,3217,3242.434971,3242.689994
4/16/2019,3226,3231.916847,3243.723761
4/17/2019,3291,3303.580338,3328.864774
4/18/2019,3325,3348.674526,3365.876695
4/19/2019,3331,3336.094516,3343.227266
4/20/2019,3294,3307.256341,3330.935949
4/21/2019,3189,3200.586128,3204.346828
4/22/2019,3151,3158.863292,3175.969266
4/23/2019,3173,3174.040708,3181.408166
4/24/2019,3105,3109.795751,3132.901791
4/25/2019,3098,3098.814873,3101.253562
4/26/2019,3232,3240.585783,3241.545636
4/27/2019,3263,3270.212449,3279.638308
4/28/2019,3232,3245.029987,3260.287867
4/29/2019,3300,3323.346921,3327.798723
4/30/2019,3241,3257.371021,3269.771842
5/1/2019,3356,3377.615785,3392.989121
5/2/2019,3363,3373.492651,3376.167971
5/3/2019,3347,3347.7726,3364.699232
5/4/2019,3431,3448.139284,3458.603461
5/5/2019,3459,3468.493254,3485.438241
5/6/2019,3347,3373.645587,3381.338006
5/7/2019,3481,3485.185378,3513.825096
5/8/2019,3577,3587.330472,3614.039652
5/9/2019,3652,3679.983569,3707.217692
5/10/2019,3739,3744.800004,3745.113309
5/11/2019,3630,3652.722429,3653.89907
5/12/2019,3611,3633.02088,3640.351067
5/13/2019,3692,3694.275484,3716.743933
5/14/2019,3667,3683.461727,3712.757357
5/15/2019,3577,3580.455644,3605.276797
5/16/2019,3605,3618.3179,3633.009024
5/17/2019,3468,3489.092499,3504.854249
5/18/2019,3437,3454.142843,3469.284817
5/19/2019,3434,3451.741968,3475.129534
5/20/2019,3297,3302.904619,3331.463864
5/21/2019,3285,3287.133022,3316.978085
5/22/2019,3403,3419.998434,3437.825814
5/23/2019,3356,3376.648852,3379.480792
5/24/2019,3322,3340.022172,3352.385171
5/25/2019,3182,3194.889114,3203.928378
5/26/2019,3142,3146.328812,3148.122196
5/27/2019,3145,3157.155246,3177.912002
5/28/2019,3114,3119.727369,3145.163375
5/29/2019,3102,3125.370986,3143.820162
5/30/2019,3105,3108.324976,3123.484422
5/31/2019,3173,3192.845006,3222.64395
6/1/2019,3157,3158.579932,3168.026536
6/2/2019,3148,3169.009563,3178.473587
6/3/2019,3189,3204.815247,3218.818908
6/4/2019,3207,3211.507322,3236.924107
6/5/2019,3123,3137.179978,3146.581517
6/6/2019,2990,3004.320664,3005.999042
6/7/2019,2993,2996.05155,3010.236525
6/8/2019,3036,3055.242244,3079.745065
6/9/2019,3070,3098.182518,3104.69631
6/10/2019,2980,2985.258957,3014.954073
6/11/2019,3055,3071.077209,3087.222646
6/12/2019,3095,3111.703954,3131.24043
6/13/2019,3173,3196.227038,3223.848986
6/14/2019,3288,3315.602484,3338.05885
6/15/2019,3248,3265.11765,3268.411317
6/16/2019,3378,3384.963954,3390.414809
6/17/2019,3363,3367.028041,3392.487453
6/18/2019,3319,3332.14977,3341.715118
6/19/2019,3248,3274.602276,3282.15194
6/20/2019,3257,3273.931995,3283.428185
6/21/2019,3260,3264.576863,3287.402447
6/22/2019,3220,3238.065956,3252.879068
6/23/2019,3210,3226.601563,3226.681573
6/24/2019,3182,3196.517914,3208.734122
6/25/2019,3098,3120.658125,3148.496065
6/26/2019,3095,3114.235514,3133.374335
6/27/2019,3120,3120.859447,3126.206475
6/28/2019,3111,3128.640258,3143.404817
6/29/2019,3098,3126.507853,3140.451027
6/30/2019,3074,3096.363167,3102.26788
7/1/2019,3052,3071.970595,3087.274628
7/2/2019,2934,2955.388051,2983.212584
7/3/2019,2977,2979.845648,2987.741694
7/4/2019,3058,3074.298897,3100.079739
7/5/2019,2968,2986.246124,3012.172478
7/6/2019,2931,2944.422493,2960.214167
7/7/2019,2828,2839.110483,2867.924472
7/8/2019,3021,3035.203205,3041.07069
7/9/2019,3139,3151.279381,3152.075981
7/10/2019,3269,3298.406912,3309.950851
7/11/2019,3319,3345.138315,3354.637183
7/12/2019,3338,3354.509283,3358.75689
7/13/2019,3344,3367.772086,3377.863868
7/14/2019,3353,3374.0247,3402.648765
7/15/2019,3204,3225.631336,3249.365928
7/16/2019,3213,3227.678852,3251.125298
7/17/2019,3173,3188.791967,3196.322609
7/18/2019,3133,3151.447647,3163.656612
7/19/2019,3151,3159.834316,3165.258616
7/20/2019,3139,3152.979135,3157.310373
7/21/2019,3201,3208.299407,3235.498724
7/22/2019,3254,3263.36423,3282.660246
7/23/2019,3254,3256.444009,3279.692451
7/24/2019,3254,3256.583451,3281.534008
7/25/2019,3189,3203.651214,3230.837913
7/26/2019,3210,3221.987386,3249.912001
7/27/2019,3229,3255.874928,3276.449173
7/28/2019,3129,3145.717347,3162.827177
7/29/2019,3108,3136.735483,3141.137417
7/30/2019,3111,3130.161147,3147.920402
7/31/2019,3114,3124.930811,3135.380546
8/1/2019,3129,3132.241661,3151.078766
8/2/2019,3207,3219.182552,3222.761872
8/3/2019,3282,3309.137147,3316.486038
8/4/2019,3238,3240.549979,3264.289459
8/5/2019,3254,3262.255878,3275.352868
8/6/2019,3220,3240.279902,3263.741986
8/7/2019,3204,3215.268356,3221.210951
8/8/2019,3251,3269.37771,3278.732959
8/9/2019,3248,3249.609772,3277.186433
8/10/2019,3263,3280.537987,3309.515915
8/11/2019,3347,3364.605294,3377.887146
8/12/2019,3450,3456.868071,3475.033209
8/13/2019,3561,3574.951911,3602.678124
8/14/2019,3611,3639.103935,3657.06465
8/15/2019,3546,3559.233479,3577.485701
8/16/2019,3515,3540.577059,3543.963573
8/17/2019,3621,3644.870746,3658.727018
8/18/2019,3735,3764.090658,3789.344061
8/19/2019,3732,3739.055242,3755.624826
8/20/2019,3711,3732.59132,3752.328859
8/21/2019,3627,3645.710501,3664.806507
8/22/2019,3748,3775.756658,3778.430665
8/23/2019,3795,3812.94819,3816.122259
8/24/2019,3621,3634.373715,3646.536268
8/25/2019,3596,3611.432459,3635.680409
8/26/2019,3689,3698.303447,3718.291046
8/27/2019,3667,3674.622321,3692.313766
8/28/2019,3667,3674.980902,3681.70604
8/29/2019,3729,3736.583114,3755.645839
8/30/2019,3729,3756.012112,3759.56572
8/31/2019,3664,3687.372702,3697.341815
9/1/2019,3673,3702.314339,3708.217692
9/2/2019,3732,3737.158023,3752.479107
9/3/2019,3723,3742.186616,3751.358688
9/4/2019,3698,3715.464681,3730.345051
9/5/2019,3664,3676.004348,3692.797199
9/6/2019,3648,3659.488139,3670.001548
9/7/2019,3652,3660.510968,3680.740244
9/8/2019,3673,3685.835181,3698.345488
9/9/2019,3661,3676.220034,3681.289422
9/10/2019,3673,3702.154592,3731.391949
9/11/2019,3683,3696.768629,3716.713846
9/12/2019,3745,3764.819654,3787.211999
9/13/2019,3701,3703.365615,3708.599433
9/14/2019,3757,3782.519262,3808.130552
9/15/2019,3900,3925.813673,3928.902047
9/16/2019,3888,3896.133784,3923.510382
9/17/2019,3807,3816.936601,3835.744424
9/18/2019,3854,3881.127772,3887.90021
9/19/2019,3813,3830.441285,3858.503215
9/20/2019,3785,3787.207826,3806.663645
9/21/2019,3714,3718.033316,3740.794803
9/22/2019,3652,3653.864063,3656.165271
9/23/2019,3599,3624.529259,3650.075843
9/24/2019,3630,3651.600214,3654.304614
9/25/2019,3605,3617.824639,3646.828662
9/26/2019,3425,3447.544046,3454.324015
9/27/2019,3425,3445.194557,3466.59984
9/28/2019,3465,3480.217298,3500.590689
9/29/2019,3496,3510.910647,3520.725487
9/30/2019,3465,3468.48747,3494.653284
10/1/2019,3481,3495.796018,3514.880492
10/2/2019,3605,3618.853839,3635.008005
10/3/2019,3617,3641.995932,3670.49249
10/4/2019,3599,3608.13991,3623.522529
10/5/2019,3589,3590.175494,3594.351942
10/6/2019,3593,3615.994215,3638.221826
10/7/2019,3599,3625.105802,3638.775072
10/8/2019,3561,3584.38983,3610.722758
10/9/2019,3515,3531.746073,3537.466359
10/10/2019,3440,3469.730949,3482.65293
10/11/2019,3341,3363.868182,3385.084531
10/12/2019,3350,3363.989483,3371.805151
10/13/2019,3381,3392.728499,3411.987034
10/14/2019,3387,3416.338748,3442.964464
10/15/2019,3313,3313.282808,3315.179161
10/16/2019,3304,3324.075274,3338.737688
10/17/2019,3344,3355.665621,3360.289017
10/18/2019,3353,3377.021195,3394.356318
10/19/2019,3397,3413.528815,3418.83184
10/20/2019,3403,3405.359688,3413.722669
10/21/2019,3484,3499.985549,3514.69081
10/22/2019,3481,3506.505879,3527.243771
10/23/2019,3481,3505.625773,3533.245253
10/24/2019,3391,3403.331147,3403.54756
10/25/2019,3391,3412.634695,3429.089009
10/26/2019,3391,3420.217017,3425.090067
10/27/2019,3328,3350.133853,3370.240174
10/28/2019,3294,3297.135322,3309.086142
10/29/2019,3328,3351.330464,3375.693987
10/30/2019,3263,3283.852089,3284.905686
10/31/2019,3294,3323.71258,3351.505119
11/1/2019,3319,3330.419244,3351.115334
11/2/2019,3369,3376.007098,3391.52062
11/3/2019,3322,3328.884228,3358.36929
11/4/2019,3322,3328.926572,3332.705411
11/5/2019,3369,3371.668752,3372.121963
11/6/2019,3571,3586.440197,3606.891096
11/7/2019,3571,3590.808706,3618.559577
11/8/2019,3571,3575.349842,3598.599595
11/9/2019,3630,3637.65407,3644.806525
11/10/2019,3644,3644.013399,3650.72894
11/11/2019,3743,3772.467655,3783.678303
11/12/2019,3710,3731.182497,3752.483009
11/13/2019,3650,3674.599859,3691.704259
11/14/2019,3644,3651.887565,3654.468195
11/15/2019,3577,3585.511852,3603.045963
11/16/2019,3577,3596.672796,3603.605433
11/17/2019,3471,3488.155827,3502.872507
11/18/2019,3458,3463.329058,3483.323018
11/19/2019,3498,3500.791109,3526.131865
11/20/2019,3511,3515.927304,3522.919292
11/21/2019,3471,3479.66969,3499.183665
11/22/2019,3445,3469.731545,3477.932694
11/23/2019,3398,3414.624701,3444.211537
11/24/2019,3392,3413.847213,3424.545427
11/25/2019,3326,3335.137842,3357.761944
11/26/2019,3359,3376.632265,3402.833134
11/27/2019,3345,3352.211688,3370.786781
11/28/2019,3326,3347.807709,3369.354856
11/29/2019,3326,3353.795405,3355.468114
11/30/2019,3306,3312.501449,3323.190219
12/1/2019,3326,3334.790486,3348.351387
12/2/2019,3345,3370.068298,3370.167817
12/3/2019,3392,3403.2489,3425.916023
12/4/2019,3392,3407.00872,3414.660159
12/5/2019,3365,3371.872361,3386.316028
12/6/2019,3365,3369.816628,3372.651541
12/7/2019,3352,3352.459185,3372.491868
12/8/2019,3306,3316.40511,3324.727143
12/9/2019,3220,3228.864141,3245.97288
12/10/2019,3226,3239.466659,3250.04176
12/11/2019,3279,3297.964409,3305.016073
12/12/2019,3246,3258.421855,3282.906552
12/13/2019,3226,3243.297208,3255.211185
12/14/2019,3246,3259.759674,3285.739279
12/15/2019,3246,3272.094504,3295.119403
12/16/2019,3245,3247.022319,3267.198607
12/17/2019,3233,3255.941616,3283.614617
12/18/2019,3232,3253.999822,3254.025956
12/19/2019,3249,3274.340678,3285.019547
12/20/2019,3324,3337.629184,3352.251452
12/21/2019,3273,3289.430695,3290.603321
12/22/2019,3266,3284.910549,3291.289393
12/23/2019,3253,3266.636175,3267.37048
12/24/2019,3253,3271.612029,3294.695331
12/25/2019,3233,3243.233965,3255.699376
12/26/2019,3219,3240.007985,3257.200626
12/27/2019,3076,3082.673895,3101.388298
12/28/2019,2925,2937.510299,2959.743175
12/29/2019,2900,2914.761313,2917.79519
12/30/2019,2792,2792.440173,2795.408991
12/31/2019,2861,2870.108227,2897.240663
1/1/2020,2892,2919.27898,2936.428586
1/2/2020,2992,3021.145762,3032.077072
1/3/2020,3021,3035.689657,3038.161183
1/4/2020,2996,3025.137729,3041.539849
1/5/2020,3087,3107.308115,3109.440593
1/6/2020,3213,3237.036396,3245.649674
1/7/2020,3279,3293.357689,3305.960501
1/8/2020,3335,3347.872578,3358.633657
1/9/2020,3326,3348.504215,3359.821622
1/10/2020,3379,3384.063748,3390.647576
1/11/2020,3326,3342.659139,3368.427794
1/12/2020,3259,3275.22014,3303.503499
1/13/2020,3312,3316.084079,3322.308729
1/14/2020,3319,3330.423942,3359.018173
1/15/2020,3193,3199.811786,3229.339598
1/16/2020,3213,3230.565358,3241.934825
1/17/2020,3259,3274.892924,3296.80191
1/18/2020,3253,3267.962444,3289.874852
1/19/2020,3246,3267.142165,3275.833379
1/20/2020,3233,3251.18871,3271.861535
1/21/2020,3227,3244.964376,3271.291844
1/22/2020,3253,3261.630715,3280.820376
1/23/2020,3253,3271.301892,3293.57225
1/24/2020,3279,3295.387644,3306.549456
1/25/2020,3279,3294.386865,3309.036473
1/26/2020,3268,3285.001972,3295.616929
1/27/2020,3265,3286.852572,3315.846779
1/28/2020,3260,3271.551578,3300.670776
1/29/2020,3190,3213.53469,3224.492083
1/30/2020,3118,3145.423072,3156.428886
1/31/2020,3153,3153.575201,3155.970306
2/1/2020,3180,3197.117261,3226.464417
2/2/2020,3346,3346.894174,3373.028798
2/3/2020,3551,3569.948101,3573.467646
2/4/2020,3524,3544.918736,3553.684862
2/5/2020,3624,3651.632757,3677.897444
2/6/2020,3644,3666.007004,3688.218008
2/7/2020,3637,3657.865619,3685.590289
2/8/2020,3610,3637.454172,3639.811318
2/9/2020,3690,3701.242878,3717.746669
2/10/2020,3862,3881.116793,3907.904338
2/11/2020,3816,3827.916559,3852.20044
2/12/2020,4041,4070.360125,4087.156862
2/13/2020,3875,3888.848701,3907.361596
2/14/2020,3776,3781.735377,3802.181965
2/15/2020,3935,3939.390297,3952.015244
2/16/2020,3875,3904.787291,3922.68669
2/17/2020,3816,3837.980957,3851.874631
2/18/2020,3842,3857.273707,3859.096443
2/19/2020,3948,3950.990952,3979.727976
2/20/2020,3981,3993.233309,3997.442013
2/21/2020,4227,4251.856093,4276.666427
2/22/2020,4174,4197.01639,4200.005299
2/23/2020,4015,4040.546966,4054.267159
2/24/2020,4227,4247.380878,4272.614957
2/25/2020,4227,4250.2732,4273.012524
2/26/2020,4213,4235.414757,4263.955253
2/27/2020,4207,4234.189226,4241.963166
2/28/2020,4041,4051.240838,4063.696795
2/29/2020,4048,4058.613558,4078.064881
3/1/2020,4048,4050.014206,4072.900966
3/2/2020,4068,4087.165382,4105.767463
3/3/2020,3995,4006.887794,4032.657856
3/4/2020,3988,4004.325243,4008.503493
3/5/2020,3836,3861.352023,3869.865162
3/6/2020,3763,3770.952786,3791.285747
3/7/2020,3915,3922.06863,3922.696856
3/8/2020,3948,3960.726385,3985.454276
3/9/2020,3902,3917.468641,3931.253976
3/10/2020,3935,3939.924295,3947.614512
3/11/2020,4008,4029.126961,4049.532934
3/12/2020,4107,4122.409702,4130.647384
3/13/2020,4107,4132.352106,4148.901013
3/14/2020,4147,4152.103566,4178.632705
3/15/2020,4134,4155.702643,4170.846606
3/16/2020,4114,4122.702247,4151.127756
3/17/2020,4167,4186.750056,4196.735756
3/18/2020,4439,4463.446958,4473.662341
3/19/2020,4823,4845.992545,4855.356868
3/20/2020,4803,4818.633002,4827.715694
3/21/2020,5273,5285.236648,5304.107703
3/22/2020,5445,5449.026021,5476.88561
3/23/2020,5346,5358.630676,5361.685624
3/24/2020,5479,5483.174597,5491.989679
3/25/2020,5432,5449.745285,5466.366886
3/26/2020,5313,5325.649747,5353.845938
3/27/2020,5300,5302.444394,5305.029183
3/28/2020,5141,5162.819866,5176.324678
3/29/2020,5306,5318.438707,5337.453985
3/30/2020,5366,5383.555873,5399.21829
3/31/2020,5154,5167.693747,5182.317684
4/1/2020,5220,5227.135341,5239.679627
